{"cameraMode":{"drawMode":0,"name":"Shaded","section":"Shading Mode"},"sceneLighting":true,"audioPlay":false,"sceneViewState":{"m_AlwaysRefresh":false,"showFog":true,"showSkybox":true,"showFlares":true,"showImageEffects":true,"showParticleSystems":true,"showVisualEffectGraphs":true,"m_FxEnabled":true},"in2DMode":false,"pivot":{"x":1.2302477359771729,"y":5.5064520835876469,"z":-19.50939178466797},"rotation":{"x":0.00599639443680644,"y":-0.03449244424700737,"z":0.000206957251066342,"w":0.9993870854377747},"size":9.472784042358399,"orthographic":true}